{
	"info": {
		"_postman_id": "d2710396-58ef-48b9-b5c8-f772ff18a056",
		"name": "Petstore",
		"schema": "https://schema.getpostman.com/json/collection/v2.1.0/collection.json",
		"_exporter_id": "38790972",
		"_collection_link": "https://sagacity-pctms.postman.co/workspace/Petstore~424d7eff-ce21-4699-9f03-576f7da0672b/collection/38790972-d2710396-58ef-48b9-b5c8-f772ff18a056?action=share&source=collection_link&creator=38790972"
	},
	"item": [
		{
			"name": "Auth",
			"item": [
				{
					"name": "Login",
					"event": [
						{
							"listen": "test",
							"script": {
								"exec": [
									"pm.test(\"Successful POST request\", function () {",
									"    pm.expect(pm.response.code).to.be.oneOf([200, 201]);",
									"});",
									""
								],
								"type": "text/javascript",
								"packages": {}
							}
						},
						{
							"listen": "prerequest",
							"script": {
								"exec": [
									""
								],
								"type": "text/javascript",
								"packages": {}
							}
						}
					],
					"request": {
						"auth": {
							"type": "noauth"
						},
						"method": "POST",
						"header": [],
						"body": {
							"mode": "raw",
							"raw": "{\n  \"email\": \"shubham.patil@sagacitysoftware.co.in\",\n  \"password\": \"Shubham@123\"\n}\n",
							"options": {
								"raw": {
									"language": "json"
								}
							}
						},
						"url": {
							"raw": "{{baseURL}}/auth/login",
							"host": [
								"{{baseURL}}"
							],
							"path": [
								"auth",
								"login"
							]
						},
						"description": "This is a POST request, submitting data to an API via the request body. This request submits JSON data, and the data is reflected in the response.\n\nA successful POST request typically returns a `200 OK` or `201 Created` response code."
					},
					"response": []
				}
			]
		},
		{
			"name": "Users",
			"item": [
				{
					"name": "User",
					"event": [
						{
							"listen": "test",
							"script": {
								"exec": [
									""
								],
								"type": "text/javascript",
								"packages": {}
							}
						},
						{
							"listen": "prerequest",
							"script": {
								"exec": [
									""
								],
								"type": "text/javascript",
								"packages": {}
							}
						}
					],
					"request": {
						"method": "GET",
						"header": [],
						"url": {
							"raw": "{{baseURL}}/user",
							"host": [
								"{{baseURL}}"
							],
							"path": [
								"user"
							]
						},
						"description": "Gets information about the authenticated user."
					},
					"response": []
				},
				{
					"name": "User",
					"request": {
						"method": "POST",
						"header": [],
						"body": {
							"mode": "raw",
							"raw": "{\r\n  \"email\": \"user2@example.com\",\r\n  \"password\": \"StrongPass123\",\r\n  \"firstName\": \"Priya\",\r\n  \"lastName\": \"Verma\",\r\n  \"phoneNumber\": \"+911234567890\",\r\n  \"role\": \"Admin\"\r\n}\r\n",
							"options": {
								"raw": {
									"language": "json"
								}
							}
						},
						"url": {
							"raw": "{{baseURL}}/user",
							"host": [
								"{{baseURL}}"
							],
							"path": [
								"user"
							]
						}
					},
					"response": []
				}
			]
		},
		{
			"name": "Pet",
			"item": [
				{
					"name": "Pet",
					"request": {
						"method": "DELETE",
						"header": [],
						"url": {
							"raw": "{{baseURL}}/pet/:id",
							"host": [
								"{{baseURL}}"
							],
							"path": [
								"pet",
								":id"
							],
							"variable": [
								{
									"key": "id",
									"value": "1e896666-27f6-408d-af15-45a02865cdf7"
								}
							]
						}
					},
					"response": []
				},
				{
					"name": "Pet",
					"request": {
						"method": "POST",
						"header": [],
						"body": {
							"mode": "formdata",
							"formdata": [
								{
									"key": "name",
									"value": "",
									"type": "text"
								},
								{
									"key": "type",
									"value": "Cat",
									"type": "text"
								},
								{
									"key": "age",
									"value": "4",
									"type": "text"
								},
								{
									"key": "breed",
									"value": "Indian Cat",
									"type": "text"
								},
								{
									"key": "description",
									"value": "Friendly and active\n",
									"type": "text"
								},
								{
									"key": "images",
									"type": "file",
									"src": "/C:/Users/ShubhamPatil/Downloads/777_Charlie.avif"
								},
								{
									"key": "",
									"value": "",
									"type": "file",
									"disabled": true
								}
							]
						},
						"url": {
							"raw": "{{baseURL}}/pet",
							"host": [
								"{{baseURL}}"
							],
							"path": [
								"pet"
							]
						}
					},
					"response": []
				},
				{
					"name": "Pet",
					"request": {
						"method": "PUT",
						"header": [],
						"body": {
							"mode": "raw",
							"raw": "{\r\n    \"email\":\"vaibhav.jaiswal@gmail.com\",\r\n    \"first_name\":\"Vaibhav____kumar\",\r\n    \"last_name\":\"Jaiswal\",\r\n    \"phone_number\":\"8989897811\"\r\n}",
							"options": {
								"raw": {
									"language": "json"
								}
							}
						},
						"url": {
							"raw": "{{baseURL}}/pet/:id",
							"host": [
								"{{baseURL}}"
							],
							"path": [
								"pet",
								":id"
							],
							"variable": [
								{
									"key": "id",
									"value": ""
								}
							]
						}
					},
					"response": []
				},
				{
					"name": "Pet",
					"request": {
						"method": "GET",
						"header": [],
						"url": {
							"raw": "{{baseURL}}/pet",
							"host": [
								"{{baseURL}}"
							],
							"path": [
								"pet"
							],
							"query": [
								{
									"key": "type",
									"value": "Dog",
									"disabled": true
								},
								{
									"key": "age",
									"value": "3",
									"disabled": true
								},
								{
									"key": "page",
									"value": "1",
									"disabled": true
								},
								{
									"key": "pageSize",
									"value": "5",
									"disabled": true
								}
							]
						}
					},
					"response": []
				},
				{
					"name": "Pet By Id",
					"request": {
						"method": "GET",
						"header": [],
						"url": {
							"raw": "{{baseURL}}/pet/:id",
							"host": [
								"{{baseURL}}"
							],
							"path": [
								"pet",
								":id"
							],
							"variable": [
								{
									"key": "id",
									"value": "1e896666-27f6-408d-af15-45a02865cdf7"
								}
							]
						}
					},
					"response": []
				},
				{
					"name": "Pet",
					"request": {
						"method": "PATCH",
						"header": [],
						"body": {
							"mode": "raw",
							"raw": "{\r\n  \"breed\": \"Persian Cat\"\r\n}\r\n",
							"options": {
								"raw": {
									"language": "json"
								}
							}
						},
						"url": {
							"raw": "{{baseURL}}/pet/:id",
							"host": [
								"{{baseURL}}"
							],
							"path": [
								"pet",
								":id"
							],
							"variable": [
								{
									"key": "id",
									"value": "1e896666-27f6-408d-af15-45a02865cdf7"
								}
							]
						}
					},
					"response": []
				}
			]
		}
	],
	"auth": {
		"type": "bearer",
		"bearer": [
			{
				"key": "token",
				"value": "{{token}}",
				"type": "string"
			}
		]
	},
	"event": [
		{
			"listen": "prerequest",
			"script": {
				"type": "text/javascript",
				"packages": {},
				"exec": [
					""
				]
			}
		},
		{
			"listen": "test",
			"script": {
				"type": "text/javascript",
				"packages": {},
				"exec": [
					""
				]
			}
		}
	],
	"variable": [
		{
			"key": "baseURL",
			"value": "{{host}}",
			"type": "default"
		}
	]
}